Affiliate,Hits,Uniques,Installs,Registrations,FTD,PNL,In-Out,Our Profit,Aff Profit,ROI,ROAS,Clicks,Deposit count,Deposit sum
760073,1,1,0,1,1,-151.61,169.66,-151.61,0.0,0.0,0.0,0,1,169.66
760064,4,4,0,1,0,0.0,0.0,0.0,0.0,0.0,0.0,0,0,0.0
760013,25,17,0,0,0,0.0,0.0,0.0,0.0,0.0,0.0,0,0,0.0
759977,3,3,0,0,0,0.0,0.0,0.0,0.0,0.0,0.0,0,0,0.0
759976,1,1,0,1,0,0.0,0.0,0.0,0.0,0.0,0.0,0,0,0.0
759967,5,4,0,0,0,0.0,0.0,0.0,0.0,0.0,0.0,0,0,0.0
759966,1,1,0,0,0,0.0,0.0,0.0,0.0,0.0,0.0,0,0,0.0
759959,1,1,0,1,1,172.46,172.46,88.3,84.16,204.92,204.92,0,1,172.46
759939,3,3,0,1,0,0.0,0.0,0.0,0.0,0.0,0.0,0,0,0.0
759911,1,1,0,0,0,0.0,0.0,0.0,0.0,0.0,0.0,0,0,0.0
759906,1,1,0,1,0,0.0,0.0,0.0,0.0,0.0,0.0,0,0,0.0
759860,20,6,0,3,0,0.0,0.0,0.0,0.0,0.0,0.0,0,0,0.0
759824,7,7,0,1,1,0.0,0.13,0.0,0.0,0.0,0.0,0,1,17.5
759782,29,11,0,8,1,17.55,17.44,8.98,8.56,203.63,204.92,0,1,17.44
759759,1,1,0,1,0,0.0,0.0,0.0,0.0,0.0,0.0,0,0,0.0
759751,1,1,0,0,0,0.0,0.0,0.0,0.0,0.0,0.0,0,0,0.0
759727,3,2,0,0,0,0.0,0.0,0.0,0.0,0.0,0.0,0,0,0.0
759642,4,2,0,0,0,0.0,0.0,0.0,0.0,0.0,0.0,0,0,0.0
759625,1,0,0,0,0,0.0,0.0,0.0,0.0,0.0,0.0,0,0,0.0
759609,2,2,0,0,0,0.0,0.0,0.0,0.0,0.0,0.0,0,0,0.0
759605,1,1,0,0,0,0.0,0.0,0.0,0.0,0.0,0.0,0,0,0.0
759546,1,1,0,0,0,0.0,0.0,0.0,0.0,0.0,0.0,0,0,0.0
759497,7,2,0,1,0,0.0,0.0,0.0,0.0,0.0,0.0,0,0,0.0
759459,11,2,0,1,0,0.0,0.0,0.0,0.0,0.0,0.0,0,0,0.0
759388,1,0,0,1,0,0.0,0.0,0.0,0.0,0.0,0.0,0,0,0.0
759368,1,1,0,1,0,0.0,0.0,0.0,0.0,0.0,0.0,0,0,0.0
759290,46,34,0,4,1,17.44,17.59,8.92,8.52,206.42,204.72,0,1,17.59
759278,2,2,0,1,1,4.27,10.55,2.18,2.08,506.3,204.92,0,1,10.55
759248,2,2,0,1,1,10.16,10.55,5.2,4.96,212.64,204.92,0,2,28.1
759244,2,2,0,0,0,0.0,0.0,0.0,0.0,0.0,0.0,0,0,0.0
759235,7,7,0,0,0,0.0,0.0,0.0,0.0,0.0,0.0,0,0,0.0
759233,1,1,0,1,0,0.0,0.0,0.0,0.0,0.0,0.0,0,0,0.0
759208,24,11,0,4,2,649.78,878.98,319.2,330.58,265.88,196.56,0,5,878.98
759197,31,20,0,3,0,0.0,0.0,0.0,0.0,0.0,0.0,0,0,0.0
759185,2,2,0,0,0,0.0,0.0,0.0,0.0,0.0,0.0,0,0,0.0
759137,1400,825,0,89,8,-103.79,198.41,-136.44,32.64,607.8,-317.97,0,8,213.94
759132,23,7,0,3,1,9.94,10.54,5.08,4.85,217.29,204.92,0,1,10.54
759090,1,1,0,0,0,0.0,0.0,0.0,0.0,0.0,0.0,0,0,0.0
758997,2,1,0,1,1,17.47,17.53,8.94,8.52,205.59,204.9,0,1,17.53
758989,174,98,0,24,0,0.0,0.0,0.0,0.0,0.0,0.0,0,0,0.0
758947,1,1,0,0,0,0.0,0.0,0.0,0.0,0.0,0.0,0,0,0.0
758900,1,1,0,1,0,0.0,0.0,0.0,0.0,0.0,0.0,0,0,0.0
758898,53,34,0,14,0,0.0,0.0,0.0,0.0,0.0,0.0,0,0,0.0
758889,2,2,0,0,0,0.0,0.0,0.0,0.0,0.0,0.0,0,0,0.0
758885,4,1,0,1,1,50.0,50.0,25.6,24.4,204.92,204.92,0,1,50.0
758871,597,235,0,111,73,602.19,1441.21,266.52,335.67,429.35,179.4,0,99,2231.06
758852,1,1,0,1,0,0.0,0.0,0.0,0.0,0.0,0.0,0,0,0.0
758824,2,2,0,0,0,0.0,0.0,0.0,0.0,0.0,0.0,0,0,0.0
758819,1,1,0,0,0,0.0,0.0,0.0,0.0,0.0,0.0,0,0,0.0
758757,1,1,0,0,0,0.0,0.0,0.0,0.0,0.0,0.0,0,0,0.0
758732,4,1,0,0,0,0.0,0.0,0.0,0.0,0.0,0.0,0,0,0.0
758731,2,2,0,1,0,0.0,0.0,0.0,0.0,0.0,0.0,0,0,0.0
758666,9,4,0,5,2,70.16,70.11,35.92,34.23,204.76,204.92,0,6,122.8
758654,27,20,0,3,0,0.0,0.0,0.0,0.0,0.0,0.0,0,0,0.0
758645,3,2,0,2,0,0.0,0.0,0.0,0.0,0.0,0.0,0,0,0.0
758643,1,1,0,0,0,0.0,0.0,0.0,0.0,0.0,0.0,0,0,0.0
758635,1,1,0,1,1,-8.03,-8.06,-8.03,0.0,0.0,0.0,0,1,10.5
758634,8,7,0,2,1,-24.18,-24.0,-24.18,0.0,0.0,0.0,0,1,26.0
758616,5,2,0,1,0,0.0,0.0,0.0,0.0,0.0,0.0,0,0,0.0
758608,15,13,0,1,0,0.0,0.0,0.0,0.0,0.0,0.0,0,0,0.0
758606,43,21,0,4,2,-7.01,-6.09,-7.01,0.0,0.0,0.0,0,4,42.06
758590,5,5,0,0,0,0.0,0.0,0.0,0.0,0.0,0.0,0,0,0.0
758586,16,12,0,3,0,0.0,0.0,0.0,0.0,0.0,0.0,0,0,0.0
758581,1,1,0,1,0,0.0,0.0,0.0,0.0,0.0,0.0,0,0,0.0
758564,65,28,0,6,5,46.07,58.68,22.44,23.63,248.29,194.97,0,10,310.44
758561,27,15,0,4,1,-31.79,-31.94,-31.79,0.0,0.0,0.0,0,1,17.5
758526,4,1,0,0,0,0.0,0.0,0.0,0.0,0.0,0.0,0,0,0.0
758522,26,9,0,3,0,0.0,0.0,0.0,0.0,0.0,0.0,0,0,0.0
758516,1,1,0,0,0,0.0,0.0,0.0,0.0,0.0,0.0,0,0,0.0
758474,5,5,0,0,0,0.0,0.0,0.0,0.0,0.0,0.0,0,0,0.0
758415,9,8,0,0,0,0.0,0.0,0.0,0.0,0.0,0.0,0,0,0.0
758403,6,2,0,0,0,0.0,0.0,0.0,0.0,0.0,0.0,0,0,0.0
758362,5,3,0,0,0,0.0,0.0,0.0,0.0,0.0,0.0,0,0,0.0
758342,3,0,0,0,0,0.0,0.0,0.0,0.0,0.0,0.0,0,0,0.0
758338,20,9,0,3,2,4.73,4.57,2.42,2.3,197.96,204.92,0,3,56.01
758330,3,3,0,2,0,0.0,0.0,0.0,0.0,0.0,0.0,0,0,0.0
758328,1,1,0,1,0,0.0,0.0,0.0,0.0,0.0,0.0,0,0,0.0
758321,2,2,0,0,0,0.0,0.0,0.0,0.0,0.0,0.0,0,0,0.0
758314,27,8,0,5,0,0.0,0.0,0.0,0.0,0.0,0.0,0,0,0.0
758284,1,1,0,0,0,0.0,0.0,0.0,0.0,0.0,0.0,0,0,0.0
758279,14,0,0,0,0,0.0,0.0,0.0,0.0,0.0,0.0,0,0,0.0
758239,17,16,0,0,0,0.0,0.0,0.0,0.0,0.0,0.0,0,0,0.0
758227,8,8,0,0,0,0.0,0.0,0.0,0.0,0.0,0.0,0,0,0.0
758221,165,99,0,6,0,0.0,0.0,0.0,0.0,0.0,0.0,0,0,0.0
758219,1084,654,0,40,13,109.48,255.46,56.91,52.56,486.0,208.28,0,22,542.86
758211,6,3,0,1,1,10.57,10.57,5.41,5.15,204.92,204.92,0,1,10.57
758199,1,1,0,0,0,0.0,0.0,0.0,0.0,0.0,0.0,0,0,0.0
758175,1,1,0,1,0,0.0,0.0,0.0,0.0,0.0,0.0,0,0,0.0
758171,4,4,0,2,0,0.0,0.0,0.0,0.0,0.0,0.0,0,0,0.0
758124,3626,2092,0,182,36,662.96,736.76,348.64,314.31,234.4,210.92,0,71,901.91
758057,2,1,0,1,0,0.0,0.0,0.0,0.0,0.0,0.0,0,0,0.0
757976,12,6,0,3,0,0.0,0.0,0.0,0.0,0.0,0.0,0,0,0.0
757938,15,10,0,4,0,0.0,0.0,0.0,0.0,0.0,0.0,0,0,0.0
757927,2,2,0,0,0,0.0,0.0,0.0,0.0,0.0,0.0,0,0,0.0
757917,4,2,0,0,0,0.0,0.0,0.0,0.0,0.0,0.0,0,0,0.0
757862,1,1,0,0,0,0.0,0.0,0.0,0.0,0.0,0.0,0,0,0.0
757822,1,1,0,1,0,0.0,0.0,0.0,0.0,0.0,0.0,0,0,0.0
757775,9,4,0,1,0,0.0,0.0,0.0,0.0,0.0,0.0,0,0,0.0
757774,1,1,0,1,0,0.0,0.0,0.0,0.0,0.0,0.0,0,0,0.0
757699,2,2,0,1,1,-5.38,131.55,-16.43,11.05,1190.09,-48.68,0,6,332.6
757648,17,13,0,0,0,0.0,0.0,0.0,0.0,0.0,0.0,0,0,0.0
757573,1,1,0,0,0,0.0,0.0,0.0,0.0,0.0,0.0,0,0,0.0
757524,43,31,0,1,0,0.0,0.0,0.0,0.0,0.0,0.0,0,0,0.0
757493,2133,1204,0,83,24,25527.8,28977.82,12278.18,13249.61,218.71,192.67,0,87,29693.18
757488,5,3,0,1,0,0.0,0.0,0.0,0.0,0.0,0.0,0,0,0.0
757460,29,16,0,3,0,0.0,0.0,0.0,0.0,0.0,0.0,0,0,0.0
757418,1,1,0,0,0,0.0,0.0,0.0,0.0,0.0,0.0,0,0,0.0
757416,77,35,0,10,3,148.94,149.0,73.68,75.26,197.97,197.9,0,13,172.99
757348,82,41,0,10,3,14.52,24.75,7.3,7.22,342.8,201.12,0,4,63.03
757324,2,0,0,0,0,0.0,0.0,0.0,0.0,0.0,0.0,0,0,0.0
757318,71,56,0,9,1,10.54,10.55,5.39,5.14,205.11,204.92,0,1,10.55
757238,77,37,0,8,1,91.2,90.95,46.69,44.5,204.36,204.92,0,7,101.46
757225,6,3,0,1,1,64.77,64.82,33.16,31.6,205.08,204.92,0,4,64.82
757224,1,1,0,0,0,0.0,0.0,0.0,0.0,0.0,0.0,0,0,0.0
757223,3,3,0,0,0,0.0,0.0,0.0,0.0,0.0,0.0,0,0,0.0
757205,33,9,0,3,1,165.57,164.28,84.77,80.8,203.31,204.92,0,3,164.28
757152,15,4,0,2,0,0.0,0.0,0.0,0.0,0.0,0.0,0,0,0.0
757141,77,57,0,8,1,17.69,17.56,9.05,8.63,203.41,204.92,0,1,17.56
757137,2,2,0,0,0,0.0,0.0,0.0,0.0,0.0,0.0,0,0,0.0
757124,1,1,0,0,0,0.0,0.0,0.0,0.0,0.0,0.0,0,0,0.0
757118,49,21,0,1,0,0.0,0.0,0.0,0.0,0.0,0.0,0,0,0.0
757105,7,5,0,1,0,0.0,0.0,0.0,0.0,0.0,0.0,0,0,0.0
757103,13618,6789,0,1550,125,3218.15,3883.83,1647.69,1570.46,247.31,204.92,0,258,6920.68
757091,107,59,0,13,6,120.88,188.17,47.21,73.66,255.43,164.09,0,14,453.31
757064,2,1,0,1,0,0.0,0.0,0.0,0.0,0.0,0.0,0,0,0.0
757023,3,3,0,1,0,0.0,0.0,0.0,0.0,0.0,0.0,0,0,0.0
757021,11,5,0,0,0,0.0,0.0,0.0,0.0,0.0,0.0,0,0,0.0
757014,2,1,0,1,1,-101.93,-104.46,-101.93,0.0,0.0,0.0,0,1,87.71
756943,10,8,0,1,0,0.0,0.0,0.0,0.0,0.0,0.0,0,0,0.0
756941,21,7,0,1,0,0.0,0.0,0.0,0.0,0.0,0.0,0,0,0.0
756940,3,3,0,1,0,0.0,0.0,0.0,0.0,0.0,0.0,0,0,0.0
756912,80,34,0,8,5,88.37,90.05,45.24,43.12,208.81,204.92,0,16,217.46
756863,3,2,0,2,2,167.54,171.84,73.35,94.19,182.43,177.87,0,12,408.72
756858,14,14,0,1,0,0.0,0.0,0.0,0.0,0.0,0.0,0,0,0.0
756854,7,3,0,0,0,0.0,0.0,0.0,0.0,0.0,0.0,0,0,0.0
756819,17,6,0,0,0,0.0,0.0,0.0,0.0,0.0,0.0,0,0,0.0
756809,3,1,0,1,1,-480.31,-476.08,-480.31,0.0,0.0,0.0,0,1,526.52
756805,4,3,0,1,1,526.35,526.35,269.49,256.86,204.92,204.92,0,1,526.35
756786,10,5,0,2,1,-17.41,-16.84,-17.41,0.0,0.0,0.0,0,6,69.6
756766,2,2,0,0,0,0.0,0.0,0.0,0.0,0.0,0.0,0,0,0.0
756731,0,0,0,1,0,0.0,0.0,0.0,0.0,0.0,0.0,0,0,0.0
756720,2,2,0,1,0,0.0,0.0,0.0,0.0,0.0,0.0,0,0,0.0
756700,126,74,0,22,11,104.5,111.58,62.46,42.03,265.43,248.59,0,25,420.07
756699,642,319,0,44,14,111.31,568.18,-39.26,150.57,377.34,73.93,0,31,1085.7
756697,283,170,0,29,7,98.16,316.21,44.11,54.04,585.09,181.63,0,10,895.68
756692,4,3,0,0,0,0.0,0.0,0.0,0.0,0.0,0.0,0,0,0.0
756685,2,2,0,0,0,0.0,0.0,0.0,0.0,0.0,0.0,0,0,0.0
756682,1,1,0,1,1,7.88,10.53,4.03,3.84,273.6,204.92,0,1,10.53
756666,11,2,0,0,0,0.0,0.0,0.0,0.0,0.0,0.0,0,0,0.0
756623,7,7,0,1,0,0.0,0.0,0.0,0.0,0.0,0.0,0,0,0.0
756581,2,1,0,0,0,0.0,0.0,0.0,0.0,0.0,0.0,0,0,0.0
756577,2,2,0,1,0,0.0,0.0,0.0,0.0,0.0,0.0,0,0,0.0
756574,36,13,0,2,0,0.0,0.0,0.0,0.0,0.0,0.0,0,0,0.0
756505,18,5,0,4,2,42.35,42.2,24.5,17.84,236.53,237.37,0,5,77.37
756494,3,2,0,0,0,0.0,0.0,0.0,0.0,0.0,0.0,0,0,0.0
756487,1,1,0,0,0,0.0,0.0,0.0,0.0,0.0,0.0,0,0,0.0
756483,46,15,0,4,1,26.12,26.55,13.37,12.74,208.27,204.92,0,1,26.55
756406,6,6,0,1,0,0.0,0.0,0.0,0.0,0.0,0.0,0,0,0.0
756399,182,78,0,24,6,306.69,391.61,157.02,149.66,261.65,204.92,0,17,417.51
756355,1,1,0,1,0,0.0,0.0,0.0,0.0,0.0,0.0,0,0,0.0
756350,2,2,0,0,0,0.0,0.0,0.0,0.0,0.0,0.0,0,0,0.0
756280,1,0,0,0,0,0.0,0.0,0.0,0.0,0.0,0.0,0,0,0.0
756241,1336,752,0,154,46,1489.56,1890.01,632.12,857.44,220.42,173.72,0,102,3238.46
756084,41,22,0,1,0,0.0,0.0,0.0,0.0,0.0,0.0,0,0,0.0
756082,17,10,0,2,0,0.0,0.0,0.0,0.0,0.0,0.0,0,0,0.0
756081,15,13,0,1,0,0.0,0.0,0.0,0.0,0.0,0.0,0,0,0.0
756034,16,14,0,0,0,0.0,0.0,0.0,0.0,0.0,0.0,0,0,0.0
756031,164,69,0,12,5,97.95,100.08,53.16,44.79,223.42,218.68,0,14,203.86
756030,6,6,0,1,0,0.0,0.0,0.0,0.0,0.0,0.0,0,0,0.0
755981,42,7,0,3,0,0.0,0.0,0.0,0.0,0.0,0.0,0,0,0.0
755923,8,4,0,0,0,0.0,0.0,0.0,0.0,0.0,0.0,0,0,0.0
755844,4,1,0,0,0,0.0,0.0,0.0,0.0,0.0,0.0,0,0,0.0
755830,416,300,0,44,7,36.31,408.06,3.41,32.9,1240.29,110.39,0,8,462.54
755829,32,8,0,2,1,10.05,10.52,5.14,4.9,214.46,204.92,0,1,10.52
755810,10,9,0,0,0,0.0,0.0,0.0,0.0,0.0,0.0,0,0,0.0
755769,6,6,0,0,0,0.0,0.0,0.0,0.0,0.0,0.0,0,0,0.0
755697,28,28,0,0,0,206.35,213.54,105.48,100.86,211.7,204.57,0,17,213.54
755664,209,180,0,9,1,69.4,69.09,35.53,33.86,203.99,204.92,0,2,69.09
755648,1,1,0,0,0,0.0,0.0,0.0,0.0,0.0,0.0,0,0,0.0
755594,1019,551,0,58,23,600.66,694.11,383.17,217.48,319.15,276.18,0,69,1339.18
755558,75,60,0,1,0,0.0,0.0,0.0,0.0,0.0,0.0,0,0,0.0
755518,2,2,0,0,0,0.0,0.0,0.0,0.0,0.0,0.0,0,0,0.0
755487,0,0,0,2,0,0.0,0.0,0.0,0.0,0.0,0.0,0,0,0.0
755485,0,0,0,0,1,16.75,17.48,8.57,8.17,213.83,204.92,0,1,17.48
755434,112,64,0,3,2,65.89,78.12,32.98,32.91,237.33,200.2,0,8,90.67
755408,0,0,0,0,1,-2.84,10.41,-2.84,0.0,0.0,0.0,0,1,10.41
755380,148,62,0,4,2,-89.46,187.68,-127.66,38.19,491.31,-234.2,0,2,187.68
755352,3,1,0,1,1,-0.95,-1.09,-0.95,0.0,0.0,0.0,0,1,43.77
755338,1,1,0,0,0,0.0,0.0,0.0,0.0,0.0,0.0,0,0,0.0
755333,6,3,0,1,0,0.0,0.0,0.0,0.0,0.0,0.0,0,0,0.0
755282,138,68,0,13,3,84.41,83.71,51.77,32.63,256.52,258.67,0,7,270.18
755169,2,1,0,0,0,0.0,0.0,0.0,0.0,0.0,0.0,0,0,0.0
755142,2,1,0,0,0,217.77,0.0,133.95,83.81,0.0,259.82,0,0,0.0
755129,17,15,0,2,0,0.0,0.0,0.0,0.0,0.0,0.0,0,0,0.0
755038,9,4,0,0,0,281.9,323.68,139.5,142.39,227.31,197.97,0,6,323.68
755033,26,14,0,0,0,21.19,21.02,10.84,10.35,203.08,204.8,0,2,21.02
754989,14,9,0,7,2,195.87,193.64,104.67,91.19,212.34,214.78,0,11,204.11
754886,2,1,0,0,0,0.0,0.0,0.0,0.0,0.0,0.0,0,0,0.0
754861,21,19,0,2,2,80.83,26.14,75.82,5.01,521.67,1613.28,0,11,376.02
754856,1,1,0,0,0,0.0,0.0,0.0,0.0,0.0,0.0,0,0,0.0
754833,92,20,0,2,0,0.0,0.0,0.0,0.0,0.0,0.0,0,0,0.0
754832,4,0,0,0,0,0.0,0.0,0.0,0.0,0.0,0.0,0,0,0.0
754823,0,0,0,0,0,-192.9,-189.78,-192.9,0.0,0.0,0.0,0,2,212.79
754821,0,0,0,0,0,-131.65,-211.48,-164.82,33.17,-637.39,-396.79,0,2,251.17
754796,24,7,0,4,2,21.97,21.05,11.52,10.45,201.41,210.3,0,2,21.05
754760,9393,5323,0,441,143,6623.69,7473.57,3672.02,2951.66,253.2,224.41,0,577,19507.64
754741,71,55,0,3,1,17.47,17.5,8.94,8.52,205.27,204.92,0,1,17.5
754688,22,22,0,0,0,0.0,0.0,0.0,0.0,0.0,0.0,0,0,0.0
754665,1,1,0,0,0,0.0,0.0,0.0,0.0,0.0,0.0,0,0,0.0
754660,15645,6964,0,1330,291,54567.97,27203.06,27963.38,26604.59,102.25,205.11,0,708,79507.8
754647,1,1,0,0,0,0.0,0.0,0.0,0.0,0.0,0.0,0,0,0.0
754590,3,1,0,0,0,0.0,0.0,0.0,0.0,0.0,0.0,0,0,0.0
754506,0,0,0,0,0,10.03,10.37,10.03,0.0,0.0,0.0,0,1,10.37
754499,3,2,0,0,0,0.0,-13.11,0.0,0.0,0.0,0.0,0,0,0.0
754468,116,69,0,10,2,415.24,409.43,231.67,183.57,223.04,226.2,0,27,606.63
754416,150,124,0,3,0,17.97,0.0,13.06,4.9,0.0,366.41,0,0,0.0
754391,25,20,0,3,1,28.68,10.52,13.07,15.6,67.4,183.79,0,1,10.52
754314,3,3,0,0,0,0.0,0.0,0.0,0.0,0.0,0.0,0,0,0.0
754244,71,40,0,2,5,556.38,1155.63,281.71,274.66,420.74,202.57,0,67,1900.13
754222,991,606,0,154,48,360.94,3080.61,-522.97,883.91,348.52,40.83,0,149,4527.86
754193,5,5,0,0,1,3.76,6.66,-6.88,10.65,62.53,35.37,0,4,72.52
754132,1,1,0,0,0,0.0,0.0,0.0,0.0,0.0,0.0,0,0,0.0
754065,7,4,0,0,0,0.0,0.0,0.0,0.0,0.0,0.0,0,0,0.0
754059,9357,4413,0,589,188,18409.67,19318.51,7329.66,11080.01,174.35,166.15,0,637,37336.27
754029,1,1,0,0,0,0.0,0.0,0.0,0.0,0.0,0.0,0,0,0.0
754010,0,0,0,1,0,0.0,0.0,0.0,0.0,0.0,0.0,0,0,0.0
753989,51,36,0,5,2,7.41,3.61,3.79,3.61,99.76,204.92,0,2,20.9
753982,0,0,0,0,0,66.83,70.16,34.21,32.61,215.13,204.92,0,12,138.53
753976,2,2,0,0,0,9.61,0.0,4.92,4.68,0.0,204.92,0,0,0.0
753910,12,12,0,0,0,0.0,0.0,0.0,0.0,0.0,0.0,0,0,0.0
753875,246,193,0,5,0,0.0,0.0,0.0,0.0,0.0,0.0,0,0,0.0
753864,2,1,0,0,0,0.0,0.0,0.0,0.0,0.0,0.0,0,0,0.0
753818,16,5,0,1,1,10.54,10.43,5.39,5.14,202.66,204.92,0,2,20.86
753749,2,2,0,0,0,0.0,0.0,0.0,0.0,0.0,0.0,0,0,0.0
753732,0,0,0,0,0,-25.18,0.0,-25.18,0.0,0.0,0.0,0,0,0.0
753575,662,368,0,108,21,1307.64,1725.44,547.85,759.78,227.09,172.11,0,62,2584.5
753555,5,5,0,0,0,0.0,0.0,0.0,0.0,0.0,0.0,0,0,0.0
753552,12,7,0,2,0,0.0,0.0,0.0,0.0,0.0,0.0,0,0,0.0
753498,4,2,0,0,0,0.0,0.0,0.0,0.0,0.0,0.0,0,0,0.0
753496,1,1,0,0,0,0.0,0.0,0.0,0.0,0.0,0.0,0,0,0.0
753452,2,2,0,0,0,0.0,0.0,0.0,0.0,0.0,0.0,0,0,0.0
753436,2,2,0,0,0,0.0,0.0,0.0,0.0,0.0,0.0,0,0,0.0
753430,6,1,0,1,1,262.83,262.86,134.57,128.26,204.94,204.92,0,3,262.86
753428,13,7,0,1,0,0.0,0.0,0.0,0.0,0.0,0.0,0,0,0.0
753342,141,101,0,16,2,245.95,102.32,123.32,122.62,83.44,200.57,0,14,284.53
753274,95,62,0,7,0,0.0,0.0,0.0,0.0,0.0,0.0,0,0,0.0
753255,13,8,0,2,0,17.18,21.02,8.1,9.08,231.49,189.3,0,2,21.02
753247,3979,1776,0,176,74,6738.84,5213.03,2976.15,3762.69,138.55,179.1,0,352,10000.67
753203,6,5,0,0,0,0.0,0.0,0.0,0.0,0.0,0.0,0,0,0.0
753118,301,164,0,17,5,167.96,205.51,39.52,128.44,160.0,130.77,0,16,340.31
753113,2,2,0,0,0,0.0,0.0,0.0,0.0,0.0,0.0,0,0,0.0
753097,67,40,0,3,15,2723.79,2065.15,1406.74,1317.04,156.8,206.81,0,182,5669.9
753075,16,12,0,0,0,0.0,0.0,0.0,0.0,0.0,0.0,0,0,0.0
753038,12,8,0,0,0,0.0,0.0,0.0,0.0,0.0,0.0,0,0,0.0
753036,5,4,0,1,0,0.0,0.0,0.0,0.0,0.0,0.0,0,0,0.0
753000,3,3,0,0,0,222.75,222.07,116.26,106.48,208.54,209.18,0,26,274.15
752985,117,60,0,2,5,199.27,175.86,80.32,118.95,147.84,167.52,0,20,432.66
752980,0,0,0,0,0,393.38,393.28,201.41,191.97,204.87,204.92,0,2,393.28
752956,1134,593,0,22,7,92.9,174.76,43.49,49.4,353.72,188.04,0,15,386.94
752954,3467,2386,0,245,33,2498.62,2703.22,1231.35,1267.27,213.31,197.17,0,139,4917.46
752936,21,18,0,1,0,0.0,0.0,0.0,0.0,0.0,0.0,0,0,0.0
752875,495,265,0,43,22,717.55,887.42,429.94,287.6,308.56,249.49,0,53,1537.57
752864,4,3,0,2,1,-5.91,175.27,-5.91,0.0,0.0,0.0,0,1,175.27
752861,148,59,0,22,0,0.0,0.0,0.0,0.0,0.0,0.0,0,0,0.0
752808,23,20,0,1,0,0.0,0.0,0.0,0.0,0.0,0.0,0,0,0.0
752792,286,141,0,18,9,475.6,539.5,243.51,232.08,232.46,204.92,0,15,622.53
752774,6,5,0,2,1,11.31,11.53,5.79,5.51,208.9,204.92,0,1,11.53
752766,4,4,0,0,0,0.0,0.0,0.0,0.0,0.0,0.0,0,0,0.0
752722,8,8,0,0,0,0.0,0.0,0.0,0.0,0.0,0.0,0,0,0.0
752690,4,4,0,3,1,200.08,200.08,102.44,97.63,204.92,204.92,0,2,200.08
752656,2,1,0,0,0,0.0,0.0,0.0,0.0,0.0,0.0,0,0,0.0
752525,8,5,0,1,1,86.21,87.3,44.13,42.07,207.51,204.92,0,1,174.62
752508,33,16,0,0,0,94.62,121.1,40.89,53.73,225.39,176.12,0,7,121.1
752498,6,6,0,0,0,-3.6,-3.36,-3.6,0.0,0.0,0.0,0,1,66.81
752461,1,1,0,0,0,0.0,0.0,0.0,0.0,0.0,0.0,0,0,0.0
752381,10,10,0,0,0,0.0,0.0,0.0,0.0,0.0,0.0,0,0,0.0
752380,2858,858,0,115,55,3980.96,4802.97,2147.5,1833.46,261.96,217.13,0,280,8922.31
752354,55,30,0,9,1,66.2,65.9,40.82,25.37,259.66,260.86,0,5,78.65
752291,69,52,0,6,1,270.95,114.39,232.28,38.67,295.78,700.62,0,19,244.54
752207,136,94,0,10,1,485.63,-2176.46,137.67,347.96,-625.48,139.57,0,61,1602.69
752117,3,2,0,0,0,0.0,0.0,0.0,0.0,0.0,0.0,0,0,0.0
752094,0,0,0,0,0,30.52,30.43,15.62,14.89,204.31,204.92,0,3,52.65
752086,20,18,0,2,0,0.0,0.0,0.0,0.0,0.0,0.0,0,0,0.0
752071,2,2,0,0,0,0.0,0.0,0.0,0.0,0.0,0.0,0,0,0.0
752035,7,4,0,2,0,0.0,0.0,0.0,0.0,0.0,0.0,0,0,0.0
751923,3,1,0,0,0,0.0,0.0,0.0,0.0,0.0,0.0,0,0,0.0
751882,60,43,0,8,4,1294.92,1588.88,646.84,648.07,245.17,199.81,0,50,2384.22
751866,1,1,0,0,0,0.0,0.0,0.0,0.0,0.0,0.0,0,0,0.0
751815,6,6,0,1,0,0.0,0.0,0.0,0.0,0.0,0.0,0,0,0.0
751811,14,3,0,1,0,49.96,50.0,49.54,0.42,11773.68,11766.61,0,2,50.0
751669,896,435,0,122,32,1371.42,1902.79,684.76,686.66,277.11,199.72,0,120,2763.48
751446,51,37,0,4,3,284.73,269.43,127.74,156.99,171.62,181.37,0,18,455.69
751434,9,2,0,1,1,-384.85,961.63,-397.65,12.8,7507.63,-3004.6,0,3,961.63
751407,9,7,0,2,0,-21.0,-20.0,-21.0,0.0,0.0,0.0,0,3,30.0
751369,59,30,0,146,5,713.17,525.69,336.98,376.18,139.74,189.58,0,55,1032.8
751281,480,341,0,125,2,10.15,21.14,5.19,4.95,426.64,204.92,0,2,21.14
751044,19,19,0,0,0,0.0,0.0,0.0,0.0,0.0,0.0,0,0,0.0
750953,18,18,0,0,0,0.0,0.0,0.0,0.0,0.0,0.0,0,0,0.0
750935,3,3,0,1,2,1056.79,818.16,806.83,249.96,327.31,422.77,0,32,917.21
750805,57,21,0,7,5,168.6,140.32,86.32,82.28,170.54,204.92,0,7,175.4
750804,1739,811,0,110,40,1125.17,1250.69,499.46,625.7,199.88,179.82,0,135,2565.84
750791,143,90,0,4,0,0.0,0.0,0.0,0.0,0.0,0.0,0,0,0.0
750776,9,9,0,0,0,0.0,0.0,0.0,0.0,0.0,0.0,0,0,0.0
750770,2540,1255,0,128,21,4047.39,4304.95,2169.15,1878.24,229.2,215.49,0,225,8563.78
750768,3,3,0,0,0,0.0,0.0,0.0,0.0,0.0,0.0,0,0,0.0
750670,6,2,0,1,0,155.16,66.66,79.44,75.72,88.03,204.92,0,5,66.66
750544,10,10,0,3,1,17.54,17.54,13.89,3.64,481.63,481.63,0,1,17.54
750536,257,133,0,4,5,2692.17,2517.59,1323.08,1369.08,183.89,196.64,0,110,3807.2
750392,19,17,0,0,0,0.0,0.0,0.0,0.0,0.0,0.0,0,0,0.0
750370,9,8,0,1,0,0.0,0.0,0.0,0.0,0.0,0.0,0,0,0.0
750341,0,0,0,0,0,60.93,60.87,31.19,29.73,204.73,204.92,0,2,60.87
750306,4,4,0,0,0,0.0,0.0,0.0,0.0,0.0,0.0,0,0,0.0
750289,4,4,0,0,0,0.0,0.0,0.0,0.0,0.0,0.0,0,0,0.0
750142,247,167,0,25,12,1008.13,609.55,460.23,547.89,111.25,184.0,0,47,1221.86
750091,13,12,0,0,0,0.0,0.0,0.0,0.0,0.0,0.0,0,0,0.0
749891,110,34,0,1,0,-23.57,-191.02,-23.57,0.0,0.0,0.0,0,0,0.0
749856,4,4,0,0,0,0.0,0.0,0.0,0.0,0.0,0.0,0,0,0.0
749811,39,29,0,3,1,311.86,311.48,159.67,152.18,204.67,204.92,0,2,350.94
749750,2,2,0,0,0,0.0,0.0,0.0,0.0,0.0,0.0,0,0,0.0
749662,4,1,0,0,0,0.0,0.0,0.0,0.0,0.0,0.0,0,0,0.0
749543,2,2,0,0,0,203.51,233.31,90.54,112.97,206.51,180.14,0,30,310.39
749456,7438,3491,0,595,183,37100.4,27942.13,19772.9,17327.5,161.26,214.11,0,1226,50244.65
749398,28,26,0,2,0,0.0,0.0,0.0,0.0,0.0,0.0,0,0,0.0
749328,0,0,0,0,0,32.37,10.56,16.85,15.51,68.06,208.65,0,1,10.56
749206,12,12,0,0,0,0.0,0.0,0.0,0.0,0.0,0.0,0,0,0.0
749205,7,4,0,1,1,1.15,10.46,-1.11,2.26,461.95,50.79,0,1,10.46
749184,10,9,0,0,0,0.0,0.0,0.0,0.0,0.0,0.0,0,0,0.0
749101,30,29,0,15,7,181.14,194.02,99.96,81.18,238.98,223.13,0,15,234.29
749044,4,3,0,0,0,0.0,0.0,0.0,0.0,0.0,0.0,0,0,0.0
749032,0,0,0,0,0,136.1,26.37,130.84,5.25,501.35,2587.67,0,1,26.37
748980,0,0,0,0,0,-105.75,-262.86,-119.11,13.36,-1967.03,-791.38,0,0,0.0
748923,471,337,0,27,3,695.31,739.64,317.45,377.85,195.75,184.01,0,43,845.19
748906,20,15,0,1,1,242.26,372.19,106.99,135.26,275.15,179.1,0,21,517.81
748873,10,8,0,0,1,117.69,31.37,76.75,40.93,76.63,287.51,0,3,31.37
748842,762,473,0,43,9,1456.77,1508.84,743.01,713.76,211.39,204.1,0,31,1881.69
748751,4,4,0,0,0,14.03,14.01,7.18,6.85,204.5,204.92,0,3,31.49
748748,1,1,0,0,0,0.0,0.0,0.0,0.0,0.0,0.0,0,0,0.0
748728,13,4,0,0,0,17.3,17.44,7.81,9.48,183.96,182.48,0,1,17.44
748421,0,0,0,0,1,10.48,10.5,5.36,5.11,205.28,204.92,0,1,10.5
748419,0,0,0,0,0,-0.87,-30.87,-0.87,0.0,0.0,0.0,0,1,17.2
748409,2,2,0,0,0,0.0,0.0,0.0,0.0,0.0,0.0,0,0,0.0
748398,8,3,0,2,0,0.0,0.0,0.0,0.0,0.0,0.0,0,0,0.0
748390,54,39,0,3,0,0.0,0.0,0.0,0.0,0.0,0.0,0,0,0.0
748362,75,46,0,1,0,0.0,0.0,0.0,0.0,0.0,0.0,0,0,0.0
748314,1,1,0,0,0,0.0,0.0,0.0,0.0,0.0,0.0,0,0,0.0
748116,2,2,0,2,0,0.0,0.0,0.0,0.0,0.0,0.0,0,0,0.0
748007,563,363,0,65,36,4276.73,4576.78,1869.2,2407.52,190.1,177.64,0,253,7931.95
747996,15,15,0,0,0,0.0,0.0,0.0,0.0,0.0,0.0,0,0,0.0
747754,3,2,0,0,0,0.0,0.0,0.0,0.0,0.0,0.0,0,0,0.0
747726,19,17,0,1,0,0.0,0.0,0.0,0.0,0.0,0.0,0,0,0.0
747721,12991,5238,0,951,234,4517.3,5410.57,1515.21,3002.09,180.23,150.47,0,414,8869.75
747720,65,39,0,2,0,453.8,435.87,229.87,223.93,194.64,202.66,0,20,474.52
747717,186,135,0,50,45,14026.23,11861.19,7575.47,6450.76,183.87,217.44,0,800,29328.49
747575,1,1,0,1,0,0.0,0.0,0.0,0.0,0.0,0.0,0,0,0.0
747557,383,206,0,28,26,1578.84,848.22,941.93,636.9,133.18,247.89,0,118,3264.71
747521,1,1,0,0,0,714.2,610.34,369.34,344.85,176.98,207.1,0,43,724.42
747520,1666,836,0,72,21,2858.37,2263.66,1423.84,1434.53,157.8,199.25,0,196,5355.76
747397,0,0,0,0,1,588.11,517.85,345.92,242.19,213.82,242.83,0,18,609.26
747395,0,0,0,0,0,-145.52,-145.21,-145.52,0.0,0.0,0.0,0,2,181.36
747349,0,0,0,0,0,-3.58,-12.44,-3.58,0.0,0.0,0.0,0,0,0.0
747347,1,1,0,0,0,0.0,0.0,0.0,0.0,0.0,0.0,0,0,0.0
747328,24,22,0,5,0,28.07,-217.05,10.1,17.96,-1208.07,156.25,0,0,0.0
747237,2,2,0,0,0,43.74,43.76,30.62,13.11,333.71,333.56,0,1,43.76
747220,73,25,0,0,1,2.72,15.57,-4.22,6.94,224.19,39.2,0,2,27.85
747180,6,5,0,1,0,57.0,57.23,33.82,23.17,246.91,245.93,0,4,57.23
747167,18,18,0,0,0,-1.74,-2.01,-1.74,0.0,0.0,0.0,0,1,17.46
747147,28,13,0,5,2,168.39,148.68,85.1,83.29,178.49,202.17,0,4,160.68
747029,386,251,0,63,5,162.07,168.82,81.65,80.42,209.91,201.52,0,7,179.28
747027,726,289,0,62,11,577.38,689.88,282.12,295.26,233.65,195.55,0,77,1304.08
747021,106,72,0,26,10,217.92,260.72,96.46,121.45,214.67,179.43,0,40,740.48
746801,8,6,0,0,0,1.66,0.0,0.81,0.85,0.0,194.64,0,0,0.0
746718,29,19,0,2,2,612.39,799.6,315.06,297.33,268.93,205.96,0,19,817.22
746714,3,3,0,0,0,0.0,0.0,0.0,0.0,0.0,0.0,0,0,0.0
746599,20,20,0,0,1,51.63,54.62,26.43,25.19,216.75,204.92,0,10,212.11
746407,3003,1917,0,429,150,61380.83,50274.91,32989.02,28391.8,177.08,216.19,0,1292,84447.36
745987,129,38,0,3,1,2445.45,2097.44,1851.33,594.11,353.04,411.61,0,38,2494.88
745942,0,0,0,0,0,6.88,6.76,3.52,3.35,201.24,204.92,0,1,17.29
745739,14,11,0,1,0,2.25,0.0,1.56,0.68,0.0,329.33,0,0,0.0
745693,51,31,0,2,0,0.0,0.0,0.0,0.0,0.0,0.0,0,0,0.0
745682,266,189,0,9,2,335.44,338.65,165.62,169.82,199.41,197.53,0,3,372.14
745588,6,6,0,0,0,0.0,0.0,0.0,0.0,0.0,0.0,0,0,0.0
745545,28,18,0,4,1,118.26,61.68,70.43,47.83,128.95,247.24,0,21,364.31
745453,2,2,0,0,0,0.0,0.0,0.0,0.0,0.0,0.0,0,0,0.0
745138,2,2,0,0,0,0.0,0.0,0.0,0.0,0.0,0.0,0,0,0.0
745132,2,2,0,0,0,0.0,0.0,0.0,0.0,0.0,0.0,0,0,0.0
745115,127,69,0,5,3,1343.01,1016.42,899.15,443.85,229.0,302.58,0,22,1273.5
744980,9,9,0,0,0,0.0,0.0,0.0,0.0,0.0,0.0,0,0,0.0
744804,7,4,0,1,1,37.34,38.65,19.11,18.22,212.11,204.92,0,3,38.65
744789,1,1,0,0,0,57.19,35.12,47.59,9.6,365.58,595.42,0,1,35.12
744719,0,0,0,0,0,-4.91,-3.06,-4.91,0.0,0.0,0.0,0,4,70.23
744631,4,2,0,1,0,0.0,-10.63,0.0,0.0,0.0,0.0,0,0,0.0
744587,93,61,0,7,0,205.67,190.66,106.69,98.98,192.62,207.79,0,21,253.85
744493,19,13,0,0,0,0.0,0.0,0.0,0.0,0.0,0.0,0,0,0.0
744474,401,224,0,72,5,95.45,102.55,53.05,42.39,241.87,225.12,0,11,133.92
744420,16,6,0,1,1,67.91,74.36,43.7,24.21,307.07,280.48,0,22,261.97
744090,10,10,0,0,0,0.0,0.0,0.0,0.0,0.0,0.0,0,0,0.0
743804,276,142,0,14,3,489.28,477.13,253.74,235.54,202.57,207.73,0,4,477.13
743703,247,96,0,10,4,84.41,104.89,52.64,31.76,330.19,265.73,0,13,184.3
743490,0,0,0,0,0,10.86,10.86,10.86,0.0,0.0,0.0,0,1,10.86
743478,7,6,0,1,0,0.0,0.0,0.0,0.0,0.0,0.0,0,0,0.0
743365,41,18,0,6,2,1754.37,426.55,1067.26,687.1,62.08,255.33,0,7,2473.21
743265,7,3,0,0,0,166.51,168.77,97.42,69.09,244.27,241.01,0,10,616.85
742919,0,0,0,0,0,-58.55,9.63,-58.55,0.0,0.0,0.0,0,1,9.63
742862,148,52,0,6,4,260.88,107.03,131.65,129.22,82.83,201.88,0,27,413.95
742812,1159,517,0,93,31,1291.63,1597.42,708.86,582.77,274.11,221.64,0,110,2125.28
742761,5,2,0,0,0,-1.46,-17.56,-1.46,0.0,0.0,0.0,0,0,0.0
742712,12,12,0,0,0,0.0,0.0,0.0,0.0,0.0,0.0,0,0,0.0
742656,140,56,0,2,0,84.77,-11.72,49.15,35.61,-32.9,238.02,0,3,79.58
742625,346,170,0,12,13,14057.6,11996.31,8634.11,5423.49,221.19,259.2,0,293,19853.32
742527,3,2,0,0,0,0.0,0.0,0.0,0.0,0.0,0.0,0,0,0.0
742481,4,4,0,0,0,0.0,0.0,0.0,0.0,0.0,0.0,0,0,0.0
742467,1,1,0,0,0,0.0,0.0,0.0,0.0,0.0,0.0,0,0,0.0
742419,876,876,0,650,1,42.99,42.47,27.27,15.72,270.1,273.45,0,5,54.14
742336,1,1,0,0,0,10.39,10.52,6.32,4.07,258.15,255.1,0,1,10.52
742296,24,12,0,1,0,41.8,41.75,29.46,12.33,338.42,338.83,0,4,62.49
742244,1,1,0,0,1,2.97,10.52,2.97,0.0,0.0,0.0,0,1,10.52
742072,22,18,0,0,0,-119.94,-118.71,-119.94,0.0,0.0,0.0,0,1,57.02
742032,2,2,0,0,0,0.0,0.0,0.0,0.0,0.0,0.0,0,0,0.0
742026,122,56,0,7,2,123.12,188.92,87.56,35.55,531.28,346.24,0,34,510.01
742015,4,4,0,0,1,70.72,21.0,41.26,29.46,71.28,240.07,0,2,21.0
741849,3,1,0,0,0,0.0,0.0,0.0,0.0,0.0,0.0,0,0,0.0
741845,40,27,0,9,1,10.82,10.49,5.93,4.88,214.87,221.65,0,1,10.49
741834,0,0,0,0,0,9.56,9.56,9.56,0.0,0.0,0.0,0,1,9.56
741473,30,19,0,0,0,20.69,21.04,12.57,8.11,259.42,255.1,0,2,21.04
741432,71,28,0,3,0,0.0,0.0,0.0,0.0,0.0,0.0,0,0,0.0
741426,33,26,0,4,1,190.92,296.77,78.38,112.54,263.7,169.65,0,14,366.99
741413,2,2,0,0,1,2.42,12.42,1.23,1.18,1051.69,204.92,0,4,40.0
741270,20,20,0,0,0,0.0,0.0,0.0,0.0,0.0,0.0,0,0,0.0
741230,0,0,0,0,0,221.2,-157.35,221.2,0.0,0.0,0.0,0,0,0.0
741029,0,0,0,0,0,438.25,447.39,226.3,211.94,211.08,206.78,0,43,1108.1
741016,26,21,0,4,0,0.0,0.0,0.0,0.0,0.0,0.0,0,0,0.0
740877,3,3,0,0,0,0.0,0.0,0.0,0.0,0.0,0.0,0,0,0.0
740831,1883,801,0,33,12,3213.09,508.67,2017.93,1195.16,42.56,268.84,0,131,4451.85
740677,5,4,0,0,0,0.0,0.0,0.0,0.0,0.0,0.0,0,0,0.0
740524,22,19,0,0,0,-30.69,-121.3,-30.69,0.0,0.0,0.0,0,1,17.46
740499,2,2,0,0,0,0.0,0.0,0.0,0.0,0.0,0.0,0,0,0.0
740494,51,38,0,2,1,21.61,20.98,11.12,10.49,200.0,206.01,0,2,20.98
740474,4,4,0,0,0,0.0,0.0,0.0,0.0,0.0,0.0,0,0,0.0
740449,1,1,0,0,0,0.0,0.0,0.0,0.0,0.0,0.0,0,0,0.0
740443,96,39,0,1,16,16694.14,14472.21,9859.29,6834.84,211.74,244.25,0,562,21804.2
740413,28,16,0,3,2,368.72,224.84,2.97,365.74,61.47,100.81,0,62,1237.58
740178,1,1,0,0,0,0.0,0.0,0.0,0.0,0.0,0.0,0,0,0.0
440823,122,45,0,5,3,337.51,385.12,183.34,154.17,249.79,218.92,0,10,406.8
440743,4,4,0,0,0,0.0,0.0,0.0,0.0,0.0,0.0,0,0,0.0
440735,23,12,0,4,1,11.88,2.1,7.74,4.13,50.82,287.48,0,1,17.54
440719,4,2,0,2,0,18.02,17.57,12.1,5.92,296.66,304.35,0,1,17.57
440572,0,0,0,0,0,59.19,59.29,59.19,0.0,0.0,0.0,0,7,73.45
440335,30,9,0,1,3,-11.19,45.64,-12.51,1.31,3460.7,-848.81,0,4,74.37
440271,1,1,0,0,0,0.0,0.0,0.0,0.0,0.0,0.0,0,0,0.0
440258,5,3,0,0,0,0.0,0.0,0.0,0.0,0.0,0.0,0,0,0.0
440178,4,4,0,0,0,0.0,0.0,0.0,0.0,0.0,0.0,0,0,0.0
439930,47,30,0,4,2,267.06,252.0,159.84,107.22,235.03,249.08,0,40,1369.77
439915,1,1,0,0,0,0.0,0.0,0.0,0.0,0.0,0.0,0,0,0.0
439831,123,68,0,1,2,72.29,50.0,37.25,35.03,142.72,206.34,0,4,50.0
439821,19,15,0,0,0,0.0,0.0,0.0,0.0,0.0,0.0,0,0,0.0
439743,2,1,0,0,0,0.0,0.0,0.0,0.0,0.0,0.0,0,0,0.0
439708,1667,703,0,105,27,2222.03,2434.16,1192.47,1029.56,236.43,215.82,0,146,3670.11
439690,2,2,0,0,0,0.0,0.0,0.0,0.0,0.0,0.0,0,0,0.0
439622,9,8,0,1,0,0.0,0.0,0.0,0.0,0.0,0.0,0,0,0.0
439549,4,2,0,0,0,185.9,188.31,117.47,68.42,275.23,271.7,0,11,311.33
439510,1,1,0,0,0,69.7,71.42,49.91,19.78,360.9,352.25,0,13,160.41
439470,1,1,0,0,0,0.0,0.0,0.0,0.0,0.0,0.0,0,0,0.0
439420,5,4,0,0,0,0.0,0.0,0.0,0.0,0.0,0.0,0,0,0.0
439276,160,111,0,8,3,2011.33,1776.87,1381.5,629.82,282.12,319.35,0,62,2219.91
439273,1625,757,0,134,58,7028.55,6529.54,3756.31,3272.23,199.54,214.79,0,499,11141.28
439186,3,2,0,1,0,0.0,0.0,0.0,0.0,0.0,0.0,0,0,0.0
438876,101,72,0,13,5,2081.1,1949.0,1033.61,1047.48,186.06,198.68,0,206,3707.86
438757,1149,584,0,59,10,44.95,128.69,16.18,28.76,447.32,156.25,0,11,146.05
438668,128,108,0,1,0,0.0,0.0,0.0,0.0,0.0,0.0,0,0,0.0
438664,175,107,0,21,7,344.65,336.47,181.22,163.42,205.88,210.89,0,12,377.79
438660,1,1,0,0,0,0.0,0.0,0.0,0.0,0.0,0.0,0,0,0.0
438606,2,1,0,0,0,0.0,0.0,0.0,0.0,0.0,0.0,0,0,0.0
438589,0,0,0,0,1,10.42,10.54,5.15,5.27,200.0,197.72,0,1,10.54
438558,467,265,0,77,2,674.33,687.25,387.33,286.99,239.46,234.96,0,34,701.78
438543,1235,607,0,59,11,-231.96,-59.09,-507.42,275.45,-21.45,-84.21,0,44,1818.63
438521,2,0,0,0,0,-33.4,-30.69,-33.4,0.0,0.0,0.0,0,1,87.38
438505,20,10,0,0,0,0.0,0.0,0.0,0.0,0.0,0.0,0,0,0.0
438503,137,68,0,17,4,27.93,27.78,15.7,12.23,227.11,228.41,0,4,55.79
438497,240,176,0,28,7,1399.64,1762.05,729.26,670.37,262.84,208.78,0,96,3129.11
438488,3,2,0,0,0,0.0,0.0,0.0,0.0,0.0,0.0,0,0,0.0
438460,35,24,0,2,0,0.0,-30.28,0.0,0.0,0.0,0.0,0,0,0.0
438407,3,2,0,1,0,17.7,8.08,17.7,0.0,0.0,0.0,0,3,38.59
438292,876,371,0,84,21,795.02,650.53,297.07,497.94,130.64,159.66,0,126,2172.63
438178,8,8,0,0,0,0.0,0.0,0.0,0.0,0.0,0.0,0,0,0.0
438131,1,1,0,0,0,0.0,0.0,0.0,0.0,0.0,0.0,0,0,0.0
438100,20,19,0,1,0,0.0,0.0,0.0,0.0,0.0,0.0,0,0,0.0
438084,16,4,0,1,0,0.0,-16.13,0.0,0.0,0.0,0.0,0,0,0.0
438061,3,3,0,0,0,40.47,40.28,20.72,19.75,203.93,204.92,0,5,84.14
438054,2,2,0,0,1,16.08,5.46,16.08,0.0,0.0,0.0,0,3,64.48
438053,106,18,0,0,0,35.34,90.07,14.06,21.27,423.4,166.13,0,9,115.21
438045,1,1,0,0,0,0.0,0.0,0.0,0.0,0.0,0.0,0,0,0.0
438030,23,14,0,5,0,0.0,0.0,0.0,0.0,0.0,0.0,0,0,0.0
438016,0,0,0,0,0,525.4,537.18,321.59,203.81,263.57,257.79,0,20,1139.01
437992,12,9,0,0,0,0.0,0.0,0.0,0.0,0.0,0.0,0,0,0.0
437972,6,6,0,0,0,66.26,48.9,37.66,28.59,170.98,231.7,0,1,140.52
437934,2,2,0,0,0,0.0,0.0,0.0,0.0,0.0,0.0,0,0,0.0
437844,10,5,0,0,0,0.0,0.0,0.0,0.0,0.0,0.0,0,0,0.0
437840,1,1,0,0,0,0.0,0.0,0.0,0.0,0.0,0.0,0,0,0.0
437819,546,312,0,50,2,15.81,16.08,6.95,8.85,181.62,178.57,0,3,61.11
437813,5,4,0,0,0,-5.18,0.0,-5.18,0.0,0.0,0.0,0,0,0.0
437805,258,107,0,8,4,201.23,47.52,156.57,44.66,106.39,450.55,0,8,91.31
437803,3,0,0,0,0,0.0,0.0,0.0,0.0,0.0,0.0,0,0,0.0
437775,211,132,0,17,0,341.25,338.41,169.89,171.36,197.48,199.14,0,9,349.95
437774,16,12,0,1,0,0.0,0.0,0.0,0.0,0.0,0.0,0,0,0.0
437752,5,3,0,1,0,0.0,0.0,0.0,0.0,0.0,0.0,0,0,0.0
437659,1,1,0,0,0,633.3,-11.03,393.37,239.93,-4.6,263.95,0,6,241.93
437658,4,3,0,0,0,181.74,148.4,93.43,88.31,168.04,205.8,0,24,360.0
437488,7,4,0,1,0,0.0,0.0,0.0,0.0,0.0,0.0,0,0,0.0
437467,10,4,0,2,0,34.54,28.01,25.69,8.84,316.78,390.63,0,2,28.01
437366,108,65,0,6,3,994.3,3051.67,-112.94,1107.25,275.61,89.8,0,147,4753.05
437362,2084,1098,0,177,20,1028.0,910.25,525.6,502.39,181.18,204.62,0,68,1326.7
437361,31,21,0,0,0,0.0,0.0,0.0,0.0,0.0,0.0,0,0,0.0
437326,60,33,0,6,2,20.53,21.03,10.51,10.01,209.91,204.92,0,2,21.03
437311,10,9,0,0,0,0.0,0.0,0.0,0.0,0.0,0.0,0,0,0.0
437310,1,1,0,0,0,0.0,0.0,0.0,0.0,0.0,0.0,0,0,0.0
437304,28,22,0,3,0,0.0,0.0,0.0,0.0,0.0,0.0,0,0,0.0
437292,130,64,0,12,3,184.81,176.97,102.47,82.34,214.92,224.45,0,14,225.29
437291,2,2,0,0,0,0.0,0.0,0.0,0.0,0.0,0.0,0,0,0.0
437288,162,94,0,9,0,-6.8,0.0,-8.68,1.88,0.0,-361.04,0,0,0.0
437285,23,8,0,0,0,0.0,0.0,0.0,0.0,0.0,0.0,0,0,0.0
437267,27,18,0,5,0,0.0,0.0,0.0,0.0,0.0,0.0,0,0,0.0
437002,33,29,0,3,0,0.0,0.0,0.0,0.0,0.0,0.0,0,0,0.0
436946,8,3,0,0,0,110.15,119.09,60.76,49.38,241.12,223.04,0,10,119.09
436805,3,2,0,0,0,34.07,91.93,9.29,24.78,370.92,137.5,0,11,164.03
436790,12,12,0,0,2,458.48,460.76,348.96,109.52,420.7,418.62,0,12,594.31
436594,0,0,0,0,0,5.24,5.81,5.24,0.0,0.0,0.0,0,1,34.99
436593,0,0,0,0,1,978.98,784.85,618.42,360.56,217.67,271.51,0,15,935.9
436446,107,49,0,11,2,-1951.2,-1910.35,-2069.57,118.37,-1613.84,-1648.34,0,41,1475.39
436280,504,288,0,105,28,4073.97,4263.34,1739.84,2334.13,182.65,174.54,0,184,6686.68
436257,2015,918,0,330,26,1629.07,1506.69,923.74,705.32,213.62,230.97,0,111,2082.8
436158,13,11,0,2,2,99.27,117.47,62.68,36.59,321.03,271.31,0,8,250.61
436102,1,1,0,0,1,-6.79,6.79,-6.79,0.0,0.0,0.0,0,4,196.04
435750,3,3,0,1,0,0.0,0.0,0.0,0.0,0.0,0.0,0,0,0.0
435721,2,2,0,0,0,-0.04,0.0,-0.04,0.0,0.0,0.0,0,0,0.0
435702,81,55,0,4,0,0.0,0.0,0.0,0.0,0.0,0.0,0,0,0.0
435541,386,215,0,37,19,2269.59,2264.82,1088.67,1180.92,191.78,192.19,0,79,4289.38
435466,4,2,0,0,0,0.0,0.0,0.0,0.0,0.0,0.0,0,0,0.0
435422,1,1,0,0,0,0.0,0.0,0.0,0.0,0.0,0.0,0,0,0.0
435185,129,72,0,0,16,7001.14,6250.54,2489.91,4511.22,138.56,155.19,0,722,23269.65
435162,3974,2635,0,652,4,2125.21,1850.17,1333.14,792.07,233.59,268.31,0,91,2690.83
435049,20,14,0,2,1,-12.28,10.45,-12.28,0.0,0.0,0.0,0,1,10.45
435009,133,59,0,0,2,654.82,233.02,429.27,225.54,103.32,290.33,0,15,804.01
434716,51,40,0,7,0,1.03,0.0,0.52,0.5,0.0,204.92,0,0,0.0
434668,34,20,0,4,0,0.0,0.0,0.0,0.0,0.0,0.0,0,0,0.0
434548,0,0,0,0,0,0.0,-15.81,0.0,0.0,0.0,0.0,0,2,28.05
434525,4,4,0,0,0,0.0,0.0,0.0,0.0,0.0,0.0,0,0,0.0
434447,0,0,0,0,0,10.63,10.52,6.46,4.16,252.44,255.1,0,1,10.52
434425,0,0,0,0,0,577.12,576.98,421.76,155.35,371.39,371.48,0,11,576.98
434391,170,100,0,25,11,444.84,423.18,245.42,199.41,212.21,223.07,0,32,572.16
434147,24,24,0,0,0,0.0,0.0,0.0,0.0,0.0,0.0,0,0,0.0
434122,29,21,0,2,0,109.13,101.83,66.35,42.77,238.03,255.1,0,19,442.92
433957,223,134,0,24,12,2435.71,2064.48,1386.24,1049.46,196.72,232.09,0,143,3763.8
433880,25,22,0,1,0,0.0,0.0,0.0,0.0,0.0,0.0,0,0,0.0
433689,9,8,0,0,2,207.19,226.81,110.09,97.1,233.58,213.38,0,43,563.3
433622,1,1,0,0,0,0.0,0.0,0.0,0.0,0.0,0.0,0,0,0.0
433621,19,11,0,3,1,9.81,10.46,9.81,0.0,0.0,0.0,0,1,10.46
433618,9,7,0,0,0,0.0,0.0,0.0,0.0,0.0,0.0,0,0,0.0
433553,20,19,0,1,0,260.49,230.62,207.36,53.12,434.07,490.3,0,43,657.97
433486,15,9,0,1,1,28.06,41.81,28.06,0.0,0.0,0.0,0,5,52.43
433483,0,0,0,0,0,0.22,0.0,0.22,0.0,0.0,0.0,0,0,0.0
433466,16,8,0,0,1,-34.01,-29.82,-34.01,0.0,0.0,0.0,0,4,75.24
433461,796,413,0,63,20,2098.24,2169.38,1014.69,1083.55,200.21,193.65,0,60,2399.18
433456,8,7,0,1,0,0.0,0.0,0.0,0.0,0.0,0.0,0,0,0.0
433454,1,1,0,0,1,31.69,75.73,16.29,15.4,491.6,205.77,0,16,226.91
433422,10,7,0,0,0,-81.44,103.95,-81.44,0.0,0.0,0.0,0,7,338.91
433370,825,373,0,143,8,660.09,581.09,340.89,319.2,182.05,206.8,0,37,986.64
433367,2,2,0,0,0,0.0,0.0,0.0,0.0,0.0,0.0,0,0,0.0
433358,161,41,0,2,0,0.0,0.0,0.0,0.0,0.0,0.0,0,0,0.0
433352,76,36,0,4,1,35.22,-1.05,23.68,11.53,-9.11,305.44,0,3,45.43
433314,11,8,0,0,2,296.69,209.77,212.79,83.9,250.02,353.62,0,6,296.94
433223,6,2,0,0,0,0.0,0.0,0.0,0.0,0.0,0.0,0,0,0.0
433215,64,39,0,5,0,179.95,33.08,162.98,16.96,194.96,1060.6,0,15,232.91
433151,186,118,0,11,16,2019.28,2341.87,865.18,1154.09,202.92,174.97,0,133,4697.39
433037,1,1,0,0,0,82.06,82.35,53.76,28.29,291.02,290.0,0,4,127.35
433018,15,13,0,2,3,553.19,2073.38,203.48,349.7,592.89,158.19,0,83,3242.48
432988,223,127,0,3,9,4586.72,5632.53,2713.51,1873.2,300.69,244.86,0,464,12669.44
432905,22,16,0,0,0,304.9,306.98,197.65,107.25,286.22,284.28,0,33,524.61
432812,27129,8945,0,2455,623,24077.59,27317.96,9565.66,14511.92,188.24,165.92,0,1805,48498.5
432804,109,33,0,1,0,0.0,0.0,0.0,0.0,0.0,0.0,0,0,0.0
432789,113,77,0,13,4,95.31,95.33,48.79,46.51,204.96,204.92,0,4,137.27
432694,234,74,0,0,2,280.12,245.0,184.82,95.29,257.09,293.95,0,25,669.29
432693,3376,1063,0,58,24,2358.31,4048.24,1209.46,1148.84,352.38,205.28,0,103,4906.61
432678,1415,833,0,89,40,3264.04,3254.96,1853.33,1410.7,230.73,231.38,0,206,4896.52
432640,72,51,0,8,3,-469.07,-452.0,-469.07,0.0,0.0,0.0,0,28,1607.51
432582,185,113,0,15,3,-71.01,178.55,-272.4,201.39,88.66,-35.26,0,36,1173.02
432573,5,4,0,0,1,468.44,611.41,288.01,180.42,338.87,259.63,0,20,849.47
432558,2,2,0,0,0,0.0,0.0,0.0,0.0,0.0,0.0,0,0,0.0
432509,108,60,0,9,0,463.32,185.8,350.77,112.54,165.08,411.66,0,9,199.84
432507,144,45,0,8,1,397.95,-96.54,191.77,206.18,-46.82,193.01,0,10,900.45
432334,0,0,0,0,1,7.3,8.03,3.73,3.56,225.41,204.92,0,3,38.35
432291,2,1,0,0,0,0.0,0.0,0.0,0.0,0.0,0.0,0,0,0.0
432254,1,1,0,0,0,257.08,243.16,118.11,138.97,174.97,184.99,0,15,365.07
432099,3,2,0,0,2,3.44,-179.67,1.23,2.2,-8158.06,156.25,0,4,224.1
431397,6783,3169,0,730,68,67574.01,74136.02,32584.6,34989.41,211.88,193.13,0,698,83304.83
431316,8,8,0,0,0,21.18,21.05,16.6,4.57,459.78,462.78,0,2,21.05
431150,42,14,0,1,0,34.69,35.0,24.11,10.58,330.79,327.91,0,2,70.16
431049,3,3,0,1,0,0.0,0.0,0.0,0.0,0.0,0.0,0,0,0.0
430953,1087,513,0,98,23,848.75,896.07,448.33,400.41,223.78,211.97,0,58,1503.73
428390,16,14,0,0,0,27.17,26.48,19.19,7.97,332.05,340.7,0,1,26.48
428373,87,38,0,2,1,-0.58,48.89,-10.58,10.0,488.84,-5.87,0,5,98.49
428363,2,2,0,0,0,396.15,303.33,395.5,0.65,46275.23,60436.68,0,14,375.39
426956,7037,3295,0,444,180,32570.05,31934.47,13306.04,19264.01,165.77,169.07,0,2340,65814.62
